club_id,club_code,name,domestic_competition_id,total_market_value,squad_size,average_age,foreigners_number,foreigners_percentage,national_team_players,stadium_name,stadium_seats,net_transfer_record,coach_name,last_season,url
127,sc-paderborn-07,null,L1,,26,25.7,5,19.2,1,Home Deluxe Arena,15000,€-450k,null,2019,https://www.transfermarkt.co.uk/sc-paderborn-07/startseite/verein/127
192,roda-jc-kerkrade,null,NL1,,25,23.9,9,36.0,0,Parkstad Limburg Stadion,19979,+€1.30m,null,2017,https://www.transfermarkt.co.uk/roda-jc-kerkrade/startseite/verein/192
2239,us-cremonese,US Cremonese,IT1,,26,26.0,12,46.2,7,Giovanni Zini,16003,€-33.80m,null,2022,https://www.transfermarkt.co.uk/us-cremonese/startseite/verein/2239
2423,cd-santa-clara,CD Santa Clara,PO1,,31,25.8,20,64.5,2,Estádio de São Miguel,15000,+€5.85m,null,2022,https://www.transfermarkt.co.uk/cd-santa-clara/startseite/verein/2423
24245,umraniyespor,Ümraniyespor,TR1,,24,28.4,10,41.7,3,Ümraniye Belediyesi Şehir Stadı,3513,+-0,null,2022,https://www.transfermarkt.co.uk/umraniyespor/startseite/verein/24245
2553,kilmarnock-fc,Kilmarnock FC,SC1,,27,25.7,16,59.3,1,"BBSP Stadium, Rugby Park",18128,+-0,null,2022,https://www.transfermarkt.co.uk/kilmarnock-fc/startseite/verein/2553
26459,nk-veres-rivne,null,UKR1,,22,27.1,0,,0,Stadion Avangard (2022),10000,+€170k,null,2022,https://www.transfermarkt.co.uk/nk-veres-rivne/startseite/verein/26459
2671,pas-giannina,PAS Giannina,GR1,,31,25.4,14,45.2,0,Stadio Zosimades,7652,+€2.68m,null,2022,https://www.transfermarkt.co.uk/pas-giannina/startseite/verein/2671
2919,ac-monza,AC Monza,IT1,,30,26.8,9,30.0,4,U-Power Stadium - Brianteo,15039,€-46.48m,null,2022,https://www.transfermarkt.co.uk/ac-monza/startseite/verein/2919
3205,kayserispor,Kayserispor,TR1,,28,25.6,13,46.4,3,RHG Enertürk Enerji Stadyumu,32864,+€3.00m,null,2022,https://www.transfermarkt.co.uk/kayserispor/startseite/verein/3205
383,psv-eindhoven,PSV Eindhoven,NL1,,24,25.5,14,58.3,8,Philips Stadion,35000,+€83.75m,null,2022,https://www.transfermarkt.co.uk/psv-eindhoven/startseite/verein/383
3948,royale-union-saint-gilloise,Royale Union Saint Gilloise,BE1,,24,25.0,17,70.8,6,Stade Joseph Mariën,8000,+€8.22m,null,2022,https://www.transfermarkt.co.uk/royale-union-saint-gilloise/startseite/verein/3948
41274,beerschot-v-a-,null,BE1,,26,23.9,12,46.2,2,Olympisch Stadion,12771,+€395k,null,2021,https://www.transfermarkt.co.uk/beerschot-v-a-/startseite/verein/41274
475,vv-st-truiden,Sint-Truidense VV,BE1,,23,26.3,15,65.2,3,Stayen,14600,+€3.00m,null,2022,https://www.transfermarkt.co.uk/vv-st-truiden/startseite/verein/475
48726,rukh-lviv,Rukh Lviv,UKR1,,27,22.8,6,22.2,0,Arena Lviv,34512,+€50k,null,2022,https://www.transfermarkt.co.uk/rukh-lviv/startseite/verein/48726
498,ksc-lokeren,null,BE1,,0,,0,,0,Daknamstadion,12000,+-0,null,2018,https://www.transfermarkt.co.uk/ksc-lokeren/startseite/verein/498
5358,sd-huesca,null,ES1,,24,27.4,8,33.3,2,El Alcoraz,9128,+€1.43m,null,2020,https://www.transfermarkt.co.uk/sd-huesca/startseite/verein/5358
553,ionikos-nikeas,Ionikos Nikeas,GR1,,27,28.6,16,59.3,1,Dimotiko Gipedo Neapolis,6000,+-0,null,2022,https://www.transfermarkt.co.uk/ionikos-nikeas/startseite/verein/553
60,sc-freiburg,SC Freiburg,L1,,26,26.2,10,38.5,10,Europa-Park Stadion,34700,+€5.43m,null,2022,https://www.transfermarkt.co.uk/sc-freiburg/startseite/verein/60
603,cardiff-city,null,GB1,,28,25.5,24,85.7,8,Cardiff City Stadium,33280,€-655k,null,2018,https://www.transfermarkt.co.uk/cardiff-city/startseite/verein/603
607,venezia-fc,null,IT1,,27,25.6,17,63.0,4,Pier Luigi Penzo,11150,+€4.83m,null,2021,https://www.transfermarkt.co.uk/venezia-fc/startseite/verein/607
6574,us-sassuolo,US Sassuolo,IT1,,26,25.8,15,57.7,8,Mapei Stadium - Città del Tricolore,21584,+€21.56m,null,2022,https://www.transfermarkt.co.uk/us-sassuolo/startseite/verein/6574
6646,fatih-karagumruk,Fatih Karagümrük,TR1,,30,26.2,17,56.7,4,Atatürk Olimpiyat,74753,+€1.83m,null,2022,https://www.transfermarkt.co.uk/fatih-karagumruk/startseite/verein/6646
667,rc-strassburg-alsace,RC Strasbourg Alsace,FR1,,26,26.6,11,42.3,8,Stade de la Meinau,29000,+€3.90m,null,2022,https://www.transfermarkt.co.uk/rc-strassburg-alsace/startseite/verein/667
855,ea-guingamp,null,FR1,,27,25.4,7,25.9,1,Stade du Roudourou,18120,+€3.70m,null,2018,https://www.transfermarkt.co.uk/ea-guingamp/startseite/verein/855
8838,zirka-kropyvnytskyi,null,UKR1,,7,27.3,0,,0,Zirka,14628,+-0,null,2017,https://www.transfermarkt.co.uk/zirka-kropyvnytskyi/startseite/verein/8838
897,deportivo-la-coruna,null,ES1,,24,27.7,3,12.5,0,Abanca Riazor,32912,€-435k,null,2017,https://www.transfermarkt.co.uk/deportivo-la-coruna/startseite/verein/897
1039,queens-park-rangers,null,GB1,,26,25.9,15,57.7,8,Loftus Road Stadium,18360,+€900k,null,2014,https://www.transfermarkt.co.uk/queens-park-rangers/startseite/verein/1039
1084,fc-malaga,null,ES1,,27,27.9,8,29.6,0,La Rosaleda,30044,+€950k,null,2017,https://www.transfermarkt.co.uk/fc-malaga/startseite/verein/1084
1162,sm-caen,null,FR1,,27,25.7,12,44.4,4,Stade Michel-d'Ornano,20500,+€3.05m,null,2018,https://www.transfermarkt.co.uk/sm-caen/startseite/verein/1162
12438,volga-nizhniy-novgorod,null,RU1,,0,,0,,0,Zentralstadion Lokomotiv,17856,+-0,null,2013,https://www.transfermarkt.co.uk/volga-nizhniy-novgorod/startseite/verein/12438
1506,kardemir-karabukspor,null,TR1,,0,,0,,0,Dr. Necmettin Şeyhoğlu,12400,+-0,null,2017,https://www.transfermarkt.co.uk/kardemir-karabukspor/startseite/verein/1506
157,kaa-gent,KAA Gent,BE1,,25,26.1,12,48.0,5,Ghelamco Arena,19999,€-2.45m,null,2022,https://www.transfermarkt.co.uk/kaa-gent/startseite/verein/157
16239,desna-chernigiv,null,UKR1,,0,,0,,0,Stadion im. Yuriya Gagarina,12060,+-0,null,2021,https://www.transfermarkt.co.uk/desna-chernigiv/startseite/verein/16239
200,fc-utrecht,FC Utrecht,NL1,,30,25.6,13,43.3,4,"Stadion ""Galgenwaard""",23750,+€8.80m,null,2022,https://www.transfermarkt.co.uk/fc-utrecht/startseite/verein/200
2293,konyaspor,Konyaspor,TR1,,29,26.8,15,51.7,7,Medaş Konya Büyükşehir Stadyumu,42000,+€6.56m,null,2022,https://www.transfermarkt.co.uk/konyaspor/startseite/verein/2293
2457,belenenses-sad,null,PO1,,25,24.2,13,52.0,4,Estádio das Seixas,12500,+€1.80m,null,2021,https://www.transfermarkt.co.uk/belenenses-sad/startseite/verein/2457
2503,boavista-porto-fc,Boavista FC,PO1,,28,25.6,16,57.1,8,Estádio do Bessa Sec. XXI,28263,+€12.25m,null,2022,https://www.transfermarkt.co.uk/boavista-porto-fc/startseite/verein/2503
2578,st-johnstone-fc,St. Johnstone FC,SC1,,27,27.4,11,40.7,3,McDiarmid Park,10696,+-0,null,2022,https://www.transfermarkt.co.uk/st-johnstone-fc/startseite/verein/2578
2687,fc-cadiz,Cádiz CF,ES1,,29,29.0,9,31.0,4,Nuevo Mirandilla,21094,€-8.50m,null,2022,https://www.transfermarkt.co.uk/fc-cadiz/startseite/verein/2687
2727,oud-heverlee-leuven,Oud-Heverlee Leuven,BE1,,22,25.3,11,50.0,4,King Power at Den Dreef Stadion,10020,€-3.50m,null,2022,https://www.transfermarkt.co.uk/oud-heverlee-leuven/startseite/verein/2727
2778,fc-nordsjaelland,FC Nordsjaelland,DK1,,29,21.5,12,41.4,2,Right to Dream Park,10300,+€15.99m,null,2022,https://www.transfermarkt.co.uk/fc-nordsjaelland/startseite/verein/2778
3508,sv-zulte-waregem,SV Zulte Waregem,BE1,,30,25.3,17,56.7,4,Elindus Arena,12250,€-150k,null,2022,https://www.transfermarkt.co.uk/sv-zulte-waregem/startseite/verein/3508
3558,gfc-ajaccio,null,FR1,,6,28.7,1,16.7,1,Stade Ange-Casanova,4050,+-0,null,2015,https://www.transfermarkt.co.uk/gfc-ajaccio/startseite/verein/3558
3690,ska-khabarovsk,null,RU1,,27,25.5,4,14.8,0,Lenin Stadion,15200,€-93k,null,2017,https://www.transfermarkt.co.uk/ska-khabarovsk/startseite/verein/3690
3714,enisey-krasnoyarsk,null,RU1,,26,25.5,2,7.7,1,Zentralstadion Krasnoyarsk,15000,+€601k,null,2018,https://www.transfermarkt.co.uk/enisey-krasnoyarsk/startseite/verein/3714
39722,buyuksehir-belediye-erzurumspor,null,TR1,,28,26.1,7,25.0,1,Erzurum Kazım Karabekir,23700,+€70k,null,2020,https://www.transfermarkt.co.uk/buyuksehir-belediye-erzurumspor/startseite/verein/39722
46,inter-mailand,Inter Milan,IT1,,27,28.4,16,59.3,17,Giuseppe Meazza,75923,€-34.55m,null,2022,https://www.transfermarkt.co.uk/inter-mailand/startseite/verein/46
49702,fk-nizhny-novgorod,FC Pari Nizhniy Novgorod,RU1,,26,25.7,5,19.2,1,Nizhny Novgorod Stadium,44242,+€230k,null,2022,https://www.transfermarkt.co.uk/fk-nizhny-novgorod/startseite/verein/49702
6,adanaspor,null,TR1,,10,23.9,4,40.0,0,Yeni Adana Stadyumu,33000,+-0,null,2016,https://www.transfermarkt.co.uk/adanaspor/startseite/verein/6
631,fc-chelsea,Chelsea FC,GB1,,32,25.4,21,65.6,23,Stamford Bridge,40853,€-543.66m,null,2022,https://www.transfermarkt.co.uk/fc-chelsea/startseite/verein/631
683,olympiakos-piraus,Olympiacos Piraeus,GR1,,29,27.4,19,65.5,11,Stadio Georgios Karaiskakis,32115,€-10.40m,null,2022,https://www.transfermarkt.co.uk/olympiakos-piraus/startseite/verein/683
825,eskisehirspor,null,TR1,,41,23.9,1,2.4,0,Eskişehir Yeni Stadyum,34930,+-0,null,2015,https://www.transfermarkt.co.uk/eskisehirspor/startseite/verein/825
86,sv-werder-bremen,SV Werder Bremen,L1,,26,25.3,9,34.6,6,Wohninvest-Weserstadion,42100,€-2.15m,null,2022,https://www.transfermarkt.co.uk/sv-werder-bremen/startseite/verein/86
865,fc-midtjylland,FC Midtjylland,DK1,,27,23.7,15,55.6,6,MCH Arena,11535,+€24.99m,null,2022,https://www.transfermarkt.co.uk/fc-midtjylland/startseite/verein/865
10690,zorya-lugansk,Zorya Lugansk,UKR1,,30,24.4,1,3.3,1,Valeriy Lobanovsky Stadion,16873,+€1.25m,null,2022,https://www.transfermarkt.co.uk/zorya-lugansk/startseite/verein/10690
1082,losc-lille,LOSC Lille,FR1,,23,26.0,15,65.2,8,Decathlon Arena-Stade Pierre-Mauroy,50186,+€75.50m,null,2022,https://www.transfermarkt.co.uk/losc-lille/startseite/verein/1082
126,caykur-rizespor,null,TR1,,32,26.8,9,28.1,1,Çaykur Didi,15332,€-529k,null,2021,https://www.transfermarkt.co.uk/caykur-rizespor/startseite/verein/126
128,ao-xanthi,null,GR1,,0,,0,,0,Xanthi Arena,7361,+-0,null,2019,https://www.transfermarkt.co.uk/ao-xanthi/startseite/verein/128
1387,acn-siena-1904,null,IT1,,29,25.0,1,3.4,0,Artemio Franchi,15373,+-0,null,2012,https://www.transfermarkt.co.uk/acn-siena-1904/startseite/verein/1387
16704,fk-krasnodar,FK Krasnodar,RU1,,23,24.7,12,52.2,5,Stadion Krasnodar,35179,+€1.66m,null,2022,https://www.transfermarkt.co.uk/fk-krasnodar/startseite/verein/16704
169,panionios-athen,null,GR1,,34,23.5,4,11.8,0,Stadio Neas Smyrnis,11700,+-0,null,2019,https://www.transfermarkt.co.uk/panionios-athen/startseite/verein/169
180,fc-southampton,Southampton FC,GB1,,30,25.5,21,70.0,15,St Mary's Stadium,32384,€-138.15m,null,2022,https://www.transfermarkt.co.uk/fc-southampton/startseite/verein/180
22110,fc-helsingor,null,DK1,,23,24.6,4,17.4,1,Helsingør Ny Stadion,4000,+€320k,null,2017,https://www.transfermarkt.co.uk/fc-helsingor/startseite/verein/22110
317,fc-twente-enschede,Twente Enschede FC,NL1,,24,25.3,10,41.7,4,De Grolsch Veste,30205,€-500k,null,2022,https://www.transfermarkt.co.uk/fc-twente-enschede/startseite/verein/317
338,dynamo-kiew,Dynamo Kyiv,UKR1,,30,24.2,6,20.0,9,Valeriy Lobanovsky Stadion,16873,+€24.60m,null,2022,https://www.transfermarkt.co.uk/dynamo-kiew/startseite/verein/338
3840,adana-demirspor,Adana Demirspor,TR1,,28,27.2,15,53.6,3,Yeni Adana Stadyumu,33000,+€6.12m,null,2022,https://www.transfermarkt.co.uk/adana-demirspor/startseite/verein/3840
443,vejle-boldklub,null,DK1,,27,24.0,17,63.0,3,Vejle Stadion,10418,+€755k,null,2021,https://www.transfermarkt.co.uk/vejle-boldklub/startseite/verein/443
4482,volyn-lutsk,null,UKR1,,0,,0,,0,Stadion Avangard,12080,+-0,null,2016,https://www.transfermarkt.co.uk/volyn-lutsk/startseite/verein/4482
4603,ae-larisa,null,GR1,,28,24.2,6,21.4,0,Stadio Alkazar,13108,+-0,null,2020,https://www.transfermarkt.co.uk/ae-larisa/startseite/verein/4603
589,antalyaspor,Antalyaspor,TR1,,31,26.4,17,54.8,5,Corendon Airlines Park Antalya Stadı,32537,+€2.12m,null,2022,https://www.transfermarkt.co.uk/antalyaspor/startseite/verein/589
641,fc-middlesbrough,null,GB1,,25,26.1,8,32.0,6,Riverside Stadium,33746,+€16.68m,null,2016,https://www.transfermarkt.co.uk/fc-middlesbrough/startseite/verein/641
6890,istanbul-basaksehir-fk,Basaksehir FK,TR1,,29,26.5,13,44.8,7,Başakşehir Fatih Terim,17156,+€1.85m,null,2022,https://www.transfermarkt.co.uk/istanbul-basaksehir-fk/startseite/verein/6890
6912,fc-vizela,FC Vizela,PO1,,26,24.9,19,73.1,4,Estádio do Vizela,6565,+€900k,null,2022,https://www.transfermarkt.co.uk/fc-vizela/startseite/verein/6912
703,nottingham-forest,Nottingham Forest,GB1,,35,28.1,23,65.7,19,The City Ground,30445,€-185.75m,null,2022,https://www.transfermarkt.co.uk/nottingham-forest/startseite/verein/703
7775,hatayspor,Hatayspor,TR1,,12,29.5,7,58.3,2,Yeni Hatay Stadyumu,25000,€-410k,null,2022,https://www.transfermarkt.co.uk/hatayspor/startseite/verein/7775
868,mke-ankaragucu,MKE Ankaragücü,TR1,,31,26.0,16,51.6,4,Eryaman Stadyumu,20560,€-1.55m,null,2022,https://www.transfermarkt.co.uk/mke-ankaragucu/startseite/verein/868
9007,arsenal-kiew,null,UKR1,,0,,0,,0,NSK Olimpisky,70050,+-0,null,2018,https://www.transfermarkt.co.uk/arsenal-kiew/startseite/verein/9007
1041,olympique-lyon,Olympique Lyon,FR1,,23,25.2,10,43.5,2,Groupama Stadium,59186,+€46.40m,null,2022,https://www.transfermarkt.co.uk/olympique-lyon/startseite/verein/1041
1269,pec-zwolle,null,NL1,,34,24.1,10,29.4,1,MAC³PARK stadion,14000,+€2.53m,null,2021,https://www.transfermarkt.co.uk/pec-zwolle/startseite/verein/1269
1304,heracles-almelo,null,NL1,,29,24.2,18,62.1,0,Erve Asito,12080,+€5.75m,null,2021,https://www.transfermarkt.co.uk/heracles-almelo/startseite/verein/1304
131,fc-barcelona,FC Barcelona,ES1,,22,25.5,9,40.9,17,Spotify Camp Nou,99354,€-118.50m,null,2022,https://www.transfermarkt.co.uk/fc-barcelona/startseite/verein/131
2451,inverness-caledonian-thistle-fc,null,SC1,,26,24.4,9,34.6,0,Tulloch Caledonian Stadium,7750,+-0,null,2016,https://www.transfermarkt.co.uk/inverness-caledonian-thistle-fc/startseite/verein/2451
3216,mersin-idmanyurdu,null,TR1,,0,,0,,0,Mersin Stadyumu,25000,+-0,null,2015,https://www.transfermarkt.co.uk/mersin-idmanyurdu/startseite/verein/3216
33,fc-schalke-04,FC Schalke 04,L1,,32,27.3,18,56.3,6,Veltins-Arena,62271,+€11.12m,null,2022,https://www.transfermarkt.co.uk/fc-schalke-04/startseite/verein/33
336,sporting-lissabon,Sporting CP,PO1,,33,24.4,16,48.5,7,Estádio José Alvalade XXI,50080,+€71.53m,null,2022,https://www.transfermarkt.co.uk/sporting-lissabon/startseite/verein/336
4083,fc-crotone,null,IT1,,25,27.0,6,24.0,1,Ezio Scida,16640,+€3.90m,null,2020,https://www.transfermarkt.co.uk/fc-crotone/startseite/verein/4083
5817,sonderjyske,null,DK1,,30,23.9,9,30.0,1,Sydbank Park,10000,+€1.80m,null,2021,https://www.transfermarkt.co.uk/sonderjyske/startseite/verein/5817
762,newcastle-united,Newcastle United,GB1,,29,27.4,17,58.6,11,St James' Park,52338,€-176.55m,null,2022,https://www.transfermarkt.co.uk/newcastle-united/startseite/verein/762
873,crystal-palace,Crystal Palace,GB1,,25,27.0,15,60.0,5,Selhurst Park,26047,€-41.15m,null,2022,https://www.transfermarkt.co.uk/crystal-palace/startseite/verein/873
989,afc-bournemouth,AFC Bournemouth,GB1,,27,26.5,16,59.3,13,Vitality Stadium,11329,€-83.10m,null,2022,https://www.transfermarkt.co.uk/afc-bournemouth/startseite/verein/989
1005,us-lecce,US Lecce,IT1,,31,24.5,19,61.3,7,Ettore Giardiniero,31559,€-3.73m,null,2022,https://www.transfermarkt.co.uk/us-lecce/startseite/verein/1005
1025,fc-bologna,Bologna FC 1909,IT1,,31,25.5,21,67.7,10,Stadio Renato Dall’Ara,36462,+€9.28m,null,2022,https://www.transfermarkt.co.uk/fc-bologna/startseite/verein/1025
1083,fk-rostov,FK Rostov,RU1,,24,24.7,3,12.5,8,Rostov Arena,45415,€-3.85m,null,2022,https://www.transfermarkt.co.uk/fk-rostov/startseite/verein/1083
11127,ural-ekaterinburg,Ural Yekaterinburg,RU1,,28,27.2,10,35.7,2,Yekaterinburg Arena,23000,€-1.42m,null,2022,https://www.transfermarkt.co.uk/ural-ekaterinburg/startseite/verein/11127
1123,norwich-city,null,GB1,,25,26.0,17,68.0,12,Carrow Road,27244,€-10.33m,null,2021,https://www.transfermarkt.co.uk/norwich-city/startseite/verein/1123
1184,krc-genk,KRC Genk,BE1,,28,22.8,18,64.3,10,Cegeka Arena,24956,+€34.37m,null,2022,https://www.transfermarkt.co.uk/krc-genk/startseite/verein/1184
1245,kas-eupen,KAS Eupen,BE1,,31,23.4,21,67.7,8,Kehrweg-Stadion,8331,+€1.24m,null,2022,https://www.transfermarkt.co.uk/kas-eupen/startseite/verein/1245
130,parma-calcio-1913,null,IT1,,30,24.8,23,76.7,6,Ennio Tardini,22352,€-4.37m,null,2020,https://www.transfermarkt.co.uk/parma-calcio-1913/startseite/verein/130
142,real-saragossa,null,ES1,,27,26.0,9,33.3,3,La Romareda,33608,+€1.50m,null,2012,https://www.transfermarkt.co.uk/real-saragossa/startseite/verein/142
1465,gd-estoril-praia,GD Estoril Praia,PO1,,29,24.4,14,48.3,2,Estádio António Coimbra da Mota,8000,+€6.74m,null,2022,https://www.transfermarkt.co.uk/gd-estoril-praia/startseite/verein/1465
1467,goztepe,null,TR1,,31,23.3,10,32.3,0,Gürsel Aksel Stadyumu,19713,+€1.60m,null,2021,https://www.transfermarkt.co.uk/goztepe/startseite/verein/1467
172,rsc-charleroi,RSC Charleroi,BE1,,25,23.9,17,68.0,7,Stade du Pays de Charleroi,15000,+€6.45m,null,2022,https://www.transfermarkt.co.uk/rsc-charleroi/startseite/verein/172
18,borussia-monchengladbach,Borussia Mönchengladbach,L1,,27,25.9,15,55.6,10,Stadion im Borussia-Park,54042,€-2.00m,null,2022,https://www.transfermarkt.co.uk/borussia-monchengladbach/startseite/verein/18
18105,pfk-lviv,null,UKR1,,27,25.3,6,22.2,0,Stadion SKIF,3742,+€25k,null,2022,https://www.transfermarkt.co.uk/pfk-lviv/startseite/verein/18105
235,rkc-waalwijk,RKC Waalwijk,NL1,,28,26.0,16,57.1,5,Mandemakers Stadion,7508,+€3.00m,null,2022,https://www.transfermarkt.co.uk/rkc-waalwijk/startseite/verein/235
23826,rasenballsport-leipzig,RB Leipzig,L1,,27,25.6,17,63.0,18,Red Bull Arena,47069,+€16.32m,null,2022,https://www.transfermarkt.co.uk/rasenballsport-leipzig/startseite/verein/23826
27,fc-bayern-munchen,Bayern Munich,L1,,27,26.4,16,59.3,21,Allianz Arena,75024,€-41.40m,null,2022,https://www.transfermarkt.co.uk/fc-bayern-munchen/startseite/verein/27
2703,spartak-vladikavkaz,null,RU1,,0,,0,,0,Republican Stadium Spartak,32464,+-0,null,2012,https://www.transfermarkt.co.uk/spartak-vladikavkaz/startseite/verein/2703
273,fc-stade-rennes,Stade Rennais FC,FR1,,28,24.5,14,50.0,11,Roazhon Park,29778,+€14.50m,null,2022,https://www.transfermarkt.co.uk/fc-stade-rennes/startseite/verein/273
289,afc-sunderland,null,GB1,,26,23.5,12,46.2,6,Stadium of Light,48707,€-6.06m,null,2016,https://www.transfermarkt.co.uk/afc-sunderland/startseite/verein/289
3060,atromitos-athen,Atromitos Athen,GR1,,26,26.2,13,50.0,2,Stadio Peristeriou,9050,+€1.50m,null,2022,https://www.transfermarkt.co.uk/atromitos-athen/startseite/verein/3060
3524,clermont-foot-63,Clermont Foot 63,FR1,,25,25.8,15,60.0,7,Stade Gabriel-Montpied,13000,+€19.10m,null,2022,https://www.transfermarkt.co.uk/clermont-foot-63/startseite/verein/3524
39,1-fsv-mainz-05,1.FSV Mainz 05,L1,,27,25.1,13,48.1,9,Mewa Arena,33305,+€450k,null,2022,https://www.transfermarkt.co.uk/1-fsv-mainz-05/startseite/verein/39
416,fc-turin,Torino FC,IT1,,28,24.6,23,82.1,17,Stadio Olimpico Grande Torino,28177,+€22.12m,null,2022,https://www.transfermarkt.co.uk/fc-turin/startseite/verein/416
458,palermo-fc,null,IT1,,28,25.6,7,25.0,4,"Comunale Renzo Barbera ""La Favorita""",36365,€-7.94m,null,2016,https://www.transfermarkt.co.uk/palermo-fc/startseite/verein/458
4750,sc-olhanense,null,PO1,,21,23.0,10,47.6,0,Estádio José Arcanjo,10080,+-0,null,2013,https://www.transfermarkt.co.uk/sc-olhanense/startseite/verein/4750
5220,gs-ergotelis,null,GR1,,3,23.3,0,,0,Pankritio Stadio,25780,+-0,null,2014,https://www.transfermarkt.co.uk/gs-ergotelis/startseite/verein/5220
5572,niki-volou,null,GR1,,26,27.2,7,26.9,2,Panthessaliko Stadio,22700,+-0,null,2014,https://www.transfermarkt.co.uk/niki-volou/startseite/verein/5572
678,aarhus-gf,Aarhus GF,DK1,,23,25.1,9,39.1,1,Ceres Park,19433,+€130k,null,2022,https://www.transfermarkt.co.uk/aarhus-gf/startseite/verein/678
80,vfl-bochum,VfL Bochum,L1,,28,28.1,17,60.7,7,Vonovia Ruhrstadion,26000,+€14.27m,null,2022,https://www.transfermarkt.co.uk/vfl-bochum/startseite/verein/80
969,montpellier-hsc,Montpellier HSC,FR1,,28,25.7,12,42.9,5,Stade de la Mosson,32939,+€500k,null,2022,https://www.transfermarkt.co.uk/montpellier-hsc/startseite/verein/969
1050,fc-villarreal,Villarreal CF,ES1,,23,28.3,9,39.1,8,La Cerámica,23500,+€25.12m,null,2022,https://www.transfermarkt.co.uk/fc-villarreal/startseite/verein/1050
1096,royal-antwerpen-fc,Royal Antwerp FC,BE1,,26,25.0,14,53.8,4,De Bosuil,16144,€-11.41m,null,2022,https://www.transfermarkt.co.uk/royal-antwerpen-fc/startseite/verein/1096
1110,huddersfield-town,null,GB1,,33,26.7,12,36.4,3,John Smith's Stadium,24500,+€11.28m,null,2018,https://www.transfermarkt.co.uk/huddersfield-town/startseite/verein/1110
1160,nimes-olympique,null,FR1,,26,25.3,12,46.2,3,Stade des Antonins,8033,+€2.50m,null,2020,https://www.transfermarkt.co.uk/nimes-olympique/startseite/verein/1160
1186,torpedo-moskau,Torpedo Moscow,RU1,,29,27.2,10,34.5,4,Luzhniki Stadium,81000,€-3.21m,null,2022,https://www.transfermarkt.co.uk/torpedo-moskau/startseite/verein/1186
12,as-rom,AS Roma,IT1,,28,26.1,19,67.9,17,Olimpico di Roma,73261,+€58.49m,null,2022,https://www.transfermarkt.co.uk/as-rom/startseite/verein/12
124,glasgow-rangers,Rangers FC,SC1,,32,27.0,22,68.8,10,Ibrox Stadium,50987,+€14.91m,null,2022,https://www.transfermarkt.co.uk/glasgow-rangers/startseite/verein/124
14171,thonon-evian-grand-geneve-fc,null,FR1,,27,27.4,6,22.2,1,Stade Camille Fournier,2500,+-0,null,2014,https://www.transfermarkt.co.uk/thonon-evian-grand-geneve-fc/startseite/verein/14171
1421,stade-reims,Stade Reims,FR1,,25,24.6,16,64.0,7,Stade Auguste-Delaune,21684,+€8.55m,null,2022,https://www.transfermarkt.co.uk/stade-reims/startseite/verein/1421
1426,vvv-venlo,null,NL1,,28,22.9,7,25.0,0,Covebo Stadion - De Koel,8000,+-0,null,2020,https://www.transfermarkt.co.uk/vvv-venlo/startseite/verein/1426
1429,cesena-fc,null,IT1,,28,25.9,4,14.3,0,Orogel Stadium - Dino Manuzzi,23860,+€335k,null,2014,https://www.transfermarkt.co.uk/cesena-fc/startseite/verein/1429
1436,sc-beira-mar,null,PO1,,27,26.8,6,22.2,1,Estádio Mário Duarte,12000,+-0,null,2012,https://www.transfermarkt.co.uk/sc-beira-mar/startseite/verein/1436
1455,fc-dordrecht,null,NL1,,29,23.3,12,41.4,1,Matchoholic Stadion,4235,+-0,null,2014,https://www.transfermarkt.co.uk/fc-dordrecht/startseite/verein/1455
16245,fk-sevastopol,null,UKR1,,0,,0,,0,SK Sevastopol,5826,+-0,null,2013,https://www.transfermarkt.co.uk/fk-sevastopol/startseite/verein/16245
19657,vendsyssel-ff,null,DK1,,24,25.1,7,29.2,0,Nord Energi Arena,10000,€-20k,null,2018,https://www.transfermarkt.co.uk/vendsyssel-ff/startseite/verein/19657
2079,veria-nps,null,GR1,,29,24.3,4,13.8,0,Dimotiko Stadio Verias,6350,+-0,null,2016,https://www.transfermarkt.co.uk/veria-nps/startseite/verein/2079
23,eintracht-braunschweig,null,L1,,29,26.0,9,31.0,0,EINTRACHT-Stadion,23325,€-600k,null,2013,https://www.transfermarkt.co.uk/eintracht-braunschweig/startseite/verein/23
234,feyenoord-rotterdam,Feyenoord Rotterdam,NL1,,27,23.5,16,59.3,13,"Stadion Feyenoord ""De Kuip""",47500,+€35.13m,null,2022,https://www.transfermarkt.co.uk/feyenoord-rotterdam/startseite/verein/234
24,eintracht-frankfurt,Eintracht Frankfurt,L1,,30,25.2,18,60.0,11,Deutsche Bank Park,51500,€-9.40m,null,2022,https://www.transfermarkt.co.uk/eintracht-frankfurt/startseite/verein/24
2441,aek-athen,AEK Athens,GR1,,31,27.3,20,64.5,11,OPAP Arena,31100,€-2.60m,null,2022,https://www.transfermarkt.co.uk/aek-athen/startseite/verein/2441
2698,rubin-kazan,null,RU1,,33,26.7,8,24.2,2,Ak Bars Arena,45379,+€10.22m,null,2021,https://www.transfermarkt.co.uk/rubin-kazan/startseite/verein/2698
2700,anzhi-makhachkala,null,RU1,,0,,0,,0,RDYuSSh MinObrNauki RD Politekh Makhachkala,1600,+-0,null,2018,https://www.transfermarkt.co.uk/anzhi-makhachkala/startseite/verein/2700
2722,spal,null,IT1,,32,26.0,8,25.0,2,Paolo Mazza,16134,+€2.75m,null,2019,https://www.transfermarkt.co.uk/spal/startseite/verein/2722
28643,waasland-beveren,null,BE1,,27,26.8,16,59.3,3,Freethielstadion,13290,€-350k,null,2020,https://www.transfermarkt.co.uk/waasland-beveren/startseite/verein/28643
3336,desportivo-aves,null,PO1,,0,,0,,0,Estádio CD das Aves,5441,+-0,null,2019,https://www.transfermarkt.co.uk/desportivo-aves/startseite/verein/3336
398,lazio-rom,SS Lazio,IT1,,26,27.2,16,61.5,9,Olimpico di Roma,73261,+€2.45m,null,2022,https://www.transfermarkt.co.uk/lazio-rom/startseite/verein/398
441,apollon-smyrnis,null,GR1,,27,27.3,15,55.6,0,Stadio Neas Smyrnis,11700,+-0,null,2021,https://www.transfermarkt.co.uk/apollon-smyrnis/startseite/verein/441
543,wolverhampton-wanderers,Wolverhampton Wanderers,GB1,,28,26.2,24,85.7,14,Molineux Stadium,32050,€-114.24m,null,2022,https://www.transfermarkt.co.uk/wolverhampton-wanderers/startseite/verein/543
55686,metalist-1925-kharkiv,Metalist 1925 Kharkiv,UKR1,,27,25.6,2,7.4,0,NSK Olimpisky,70050,+-0,null,2022,https://www.transfermarkt.co.uk/metalist-1925-kharkiv/startseite/verein/55686
58,rsc-anderlecht,RSC Anderlecht,BE1,,26,24.6,12,46.2,10,Lotto Park,21500,+€22.51m,null,2022,https://www.transfermarkt.co.uk/rsc-anderlecht/startseite/verein/58
60551,sk-dnipro-1,SK Dnipro-1,UKR1,,29,25.9,9,31.0,6,Avangard,10640,+€650k,null,2022,https://www.transfermarkt.co.uk/sk-dnipro-1/startseite/verein/60551
7179,cd-tondela,null,PO1,,26,22.8,12,46.2,2,Estádio João Cardoso,5000,+€50k,null,2021,https://www.transfermarkt.co.uk/cd-tondela/startseite/verein/7179
7378,portimonense-sc,Portimonense SC,PO1,,32,25.1,23,71.9,3,Portimonense Estádio,6000,+€12.10m,null,2022,https://www.transfermarkt.co.uk/portimonense-sc/startseite/verein/7378
10484,kasimpasa,Kasimpasa,TR1,,33,27.5,17,51.5,4,Recep Tayyip Erdoğan Stadyumu,13856,+€4.80m,null,2022,https://www.transfermarkt.co.uk/kasimpasa/startseite/verein/10484
1148,fc-brentford,Brentford FC,GB1,,25,25.6,19,76.0,15,Brentford Community Stadium,17250,€-47.90m,null,2022,https://www.transfermarkt.co.uk/fc-brentford/startseite/verein/1148
1158,fc-lorient,FC Lorient,FR1,,26,24.6,12,46.2,7,Stade du Moustoir,19010,+€9.25m,null,2022,https://www.transfermarkt.co.uk/fc-lorient/startseite/verein/1158
1159,as-nancy-lorraine,null,FR1,,27,25.6,5,18.5,0,Stade Marcel-Picot,20087,+-0,null,2016,https://www.transfermarkt.co.uk/as-nancy-lorraine/startseite/verein/1159
1237,brighton-amp-hove-albion,Brighton & Hove Albion,GB1,,25,24.8,18,72.0,13,AMEX Stadium,31800,+€82.17m,null,2022,https://www.transfermarkt.co.uk/brighton-amp-hove-albion/startseite/verein/1237
132,nac-breda,null,NL1,,32,23.7,10,31.3,2,Rat Verlegh Stadion,19000,+€115k,null,2018,https://www.transfermarkt.co.uk/nac-breda/startseite/verein/132
148,tottenham-hotspur,Tottenham Hotspur,GB1,,25,26.7,17,68.0,16,Tottenham Hotspur Stadium,62062,€-139.15m,null,2022,https://www.transfermarkt.co.uk/tottenham-hotspur/startseite/verein/148
16247,pfk-stal-kamyanske,null,UKR1,,0,,0,,0,Obolon,5100,+-0,null,2017,https://www.transfermarkt.co.uk/pfk-stal-kamyanske/startseite/verein/16247
23611,olimpik-donetsk,null,UKR1,,0,,0,,0,NTK im. B. M. Bannikova,1678,+-0,null,2020,https://www.transfermarkt.co.uk/olimpik-donetsk/startseite/verein/23611
252,genua-cfc,null,IT1,,31,26.3,20,64.5,5,Luigi Ferraris,34901,+€10.72m,null,2021,https://www.transfermarkt.co.uk/genua-cfc/startseite/verein/252
2783,metalurg-donetsk,null,UKR1,,0,,0,,0,Metalurg,5090,+-0,null,2014,https://www.transfermarkt.co.uk/metalurg-donetsk/startseite/verein/2783
28956,ael-kalloni,null,GR1,,0,,0,,0,Stadio Mytilinis,4000,+-0,null,2015,https://www.transfermarkt.co.uk/ael-kalloni/startseite/verein/28956
3,1-fc-koln,1.FC Köln,L1,,34,24.6,11,32.4,7,RheinEnergieSTADION,50000,+€5.52m,null,2022,https://www.transfermarkt.co.uk/1-fc-koln/startseite/verein/3
31,fc-liverpool,Liverpool FC,GB1,,30,26.6,21,70.0,17,Anfield,54074,€-56.60m,null,2022,https://www.transfermarkt.co.uk/fc-liverpool/startseite/verein/31
36,fenerbahce-istanbul,Fenerbahce,TR1,,28,26.9,15,53.6,15,Ülker Stadyumu FB Şükrü Saraçoğlu Spor Kompleksi,47834,€-13.71m,null,2022,https://www.transfermarkt.co.uk/fenerbahce-istanbul/startseite/verein/36
379,west-ham-united,West Ham United,GB1,,22,28.2,16,72.7,13,London Stadium,62500,€-172.45m,null,2022,https://www.transfermarkt.co.uk/west-ham-united/startseite/verein/379
385,fortuna-sittard,Fortuna Sittard,NL1,,26,25.8,18,69.2,2,Fortuna Sittard Stadion,12500,+€400k,null,2022,https://www.transfermarkt.co.uk/fortuna-sittard/startseite/verein/385
3911,stade-brest-29,Stade Brestois 29,FR1,,26,25.5,9,34.6,4,Stade Francis-Le Blé,15097,€-3.25m,null,2022,https://www.transfermarkt.co.uk/stade-brest-29/startseite/verein/3911
405,aston-villa,Aston Villa,GB1,,23,27.2,16,69.6,13,Villa Park,42682,€-46.14m,null,2022,https://www.transfermarkt.co.uk/aston-villa/startseite/verein/405
417,ogc-nizza,OGC Nice,FR1,,27,24.3,18,66.7,13,Allianz Riviera,36178,€-39.60m,null,2022,https://www.transfermarkt.co.uk/ogc-nizza/startseite/verein/417
4171,benevento-calcio,null,IT1,,31,26.6,16,51.6,2,Ciro Vigorito,16867,€-1.93m,null,2020,https://www.transfermarkt.co.uk/benevento-calcio/startseite/verein/4171
418,real-madrid,Real Madrid,ES1,,25,27.4,17,68.0,16,Santiago Bernabéu,81044,+€12.15m,null,2022,https://www.transfermarkt.co.uk/real-madrid/startseite/verein/418
467,nec-nijmegen,NEC Nijmegen,NL1,,27,24.2,9,33.3,1,Goffertstadion,12500,€-1.00m,null,2022,https://www.transfermarkt.co.uk/nec-nijmegen/startseite/verein/467
47,iraklis-thessaloniki,null,GR1,,27,24.3,9,33.3,0,Kaftanzoglio Stadio,27770,+-0,null,2016,https://www.transfermarkt.co.uk/iraklis-thessaloniki/startseite/verein/47
6195,ssc-neapel,SSC Napoli,IT1,,27,26.1,19,70.4,20,Stadio Diego Armando Maradona,54726,+€4.40m,null,2022,https://www.transfermarkt.co.uk/ssc-neapel/startseite/verein/6195
720,fc-porto,FC Porto,PO1,,28,26.6,15,53.6,9,Estádio do Dragão,50399,+€35.74m,null,2022,https://www.transfermarkt.co.uk/fc-porto/startseite/verein/720
833,denizlispor,null,TR1,,27,25.7,3,11.1,1,Denizli Atatürk Stadı,18745,+-0,null,2020,https://www.transfermarkt.co.uk/denizlispor/startseite/verein/833
862,chievo-verona,null,IT1,,0,,0,,0,Marcantonio Bentegodi,31045,+-0,null,2018,https://www.transfermarkt.co.uk/chievo-verona/startseite/verein/862
931,fc-fulham,Fulham FC,GB1,,24,28.1,22,91.7,14,Craven Cottage,22384,€-49.30m,null,2022,https://www.transfermarkt.co.uk/fc-fulham/startseite/verein/931
968,kvc-westerlo,KVC Westerlo,BE1,,27,26.3,16,59.3,4,Het Kuipje,8035,+€9.61m,null,2022,https://www.transfermarkt.co.uk/kvc-westerlo/startseite/verein/968
982,cd-nacional,null,PO1,,27,25.0,12,44.4,2,Estádio da Madeira,5586,+-0,null,2020,https://www.transfermarkt.co.uk/cd-nacional/startseite/verein/982
1032,fc-reading,null,GB1,,27,27.1,17,63.0,7,Select Car Leasing Stadium,24161,+-0,null,2012,https://www.transfermarkt.co.uk/fc-reading/startseite/verein/1032
1085,vitoria-setubal-fc,null,PO1,,29,26.0,10,34.5,0,Estádio do Bonfim,18642,+-0,null,2019,https://www.transfermarkt.co.uk/vitoria-setubal-fc/startseite/verein/1085
1090,az-alkmaar,AZ Alkmaar,NL1,,28,23.1,11,39.3,8,AFAS Stadion,19478,+€8.21m,null,2022,https://www.transfermarkt.co.uk/az-alkmaar/startseite/verein/1090
1124,fakel-voronezh,Fakel Voronezh,RU1,,25,27.3,2,8.0,0,Central Stadium of Profsoyuzes,21793,€-120k,null,2022,https://www.transfermarkt.co.uk/fakel-voronezh/startseite/verein/1124
141,galatasaray-istanbul,Galatasaray,TR1,,29,25.9,16,55.2,12,Ali Sami Yen Spor Kompleksi NEF Stadyumu,52223,€-32.44m,null,2022,https://www.transfermarkt.co.uk/galatasaray-istanbul/startseite/verein/141
1423,fc-valenciennes,null,FR1,,28,25.0,8,28.6,4,Stade du Hainaut,25000,€-500k,null,2013,https://www.transfermarkt.co.uk/fc-valenciennes/startseite/verein/1423
162,as-monaco,AS Monaco,FR1,,27,24.3,27,100.0,9,Stade Louis-II,18523,+€112.70m,null,2022,https://www.transfermarkt.co.uk/as-monaco/startseite/verein/162
20,bursaspor,null,TR1,,26,21.4,0,,0,Bursa Büyükşehir Belediye Stadyumu,43361,+-0,null,2018,https://www.transfermarkt.co.uk/bursaspor/startseite/verein/20
2227,sk-tavriya-simferopol,null,UKR1,,0,,0,,0,RS Lokomotiv,19978,+-0,null,2013,https://www.transfermarkt.co.uk/sk-tavriya-simferopol/startseite/verein/2227
2282,fc-brugge,Club Brugge KV,BE1,,30,23.9,17,56.7,14,Jan-Breydel-Stadion,29062,+€8.80m,null,2022,https://www.transfermarkt.co.uk/fc-brugge/startseite/verein/2282
2381,sivasspor,Sivasspor,TR1,,31,28.5,17,54.8,5,Yeni 4 Eylül Stadı,27532,€-100k,null,2022,https://www.transfermarkt.co.uk/sivasspor/startseite/verein/2381
2414,ac-horsens,AC Horsens,DK1,,23,25.7,9,39.1,4,Nordstern Arena Horsens,10400,+€900k,null,2022,https://www.transfermarkt.co.uk/ac-horsens/startseite/verein/2414
2424,gil-vicente-fc,Gil Vicente FC,PO1,,25,25.6,17,68.0,4,Estádio Cidade de Barcelos,12046,+€5.35m,null,2022,https://www.transfermarkt.co.uk/gil-vicente-fc/startseite/verein/2424
2439,kuban-krasnodar,null,RU1,,0,,0,,0,Kuban Stadium,31654,+-0,null,2015,https://www.transfermarkt.co.uk/kuban-krasnodar/startseite/verein/2439
2715,rfc-seraing,RFC Seraing,BE1,,28,23.7,19,67.9,2,Stade du Paray,6744,+-0,null,2022,https://www.transfermarkt.co.uk/rfc-seraing/startseite/verein/2715
28095,fk-ufa,null,RU1,,26,24.4,3,11.5,0,Neftyanik,15132,+€4.84m,null,2021,https://www.transfermarkt.co.uk/fk-ufa/startseite/verein/28095
2861,kv-oostende,KV Oostende,BE1,,32,23.9,19,59.4,4,Diaz Arena,8432,+€9.60m,null,2022,https://www.transfermarkt.co.uk/kv-oostende/startseite/verein/2861
3008,hull-city,null,GB1,,28,25.0,17,60.7,6,MKM Stadium,25586,+€7.50m,null,2016,https://www.transfermarkt.co.uk/hull-city/startseite/verein/3008
3329,fc-famalicao,FC Famalicão,PO1,,30,24.3,19,63.3,4,Estádio Municipal de Famalicão,5300,+€2.20m,null,2022,https://www.transfermarkt.co.uk/fc-famalicao/startseite/verein/3329
347,fc-metz,null,FR1,,21,24.9,14,66.7,7,Stade Saint-Symphorien,26700,+€14.20m,null,2021,https://www.transfermarkt.co.uk/fc-metz/startseite/verein/347
350,sheffield-united,null,GB1,,27,26.7,14,51.9,9,Bramall Lane,32702,€-4.50m,null,2020,https://www.transfermarkt.co.uk/sheffield-united/startseite/verein/350
371,celtic-glasgow,Celtic FC,SC1,,26,26.1,19,73.1,16,Celtic Park,60832,€-16.63m,null,2022,https://www.transfermarkt.co.uk/celtic-glasgow/startseite/verein/371
40426,fk-tosno,null,RU1,,0,,0,,0,Petrovsky,20985,+-0,null,2017,https://www.transfermarkt.co.uk/fk-tosno/startseite/verein/40426
41231,fk-sochi,FC Sochi,RU1,,25,27.9,7,28.0,3,Fisht Olympic Stadium,45994,+€5.97m,null,2022,https://www.transfermarkt.co.uk/fk-sochi/startseite/verein/41231
566,beerschot-ac,null,BE1,,0,,0,,0,Olympisch Stadion,12771,+-0,null,2012,https://www.transfermarkt.co.uk/beerschot-ac/startseite/verein/566
653,ofi-kreta,OFI Crete FC,GR1,,31,26.5,16,51.6,3,Gipedo Theodoros Vardinogiannis,9088,+€700k,null,2022,https://www.transfermarkt.co.uk/ofi-kreta/startseite/verein/653
8024,fc-arouca,FC Arouca,PO1,,27,25.9,21,77.8,2,Estádio Municipal de Arouca,5600,+€4.00m,null,2022,https://www.transfermarkt.co.uk/fc-arouca/startseite/verein/8024
993,fc-cordoba,null,ES1,,24,27.8,4,16.7,0,Nuevo Arcángel,21822,+-0,null,2014,https://www.transfermarkt.co.uk/fc-cordoba/startseite/verein/993
1049,fc-valencia,Valencia CF,ES1,,26,25.0,14,53.8,9,Mestalla,48600,+€42.10m,null,2022,https://www.transfermarkt.co.uk/fc-valencia/startseite/verein/1049
1177,silkeborg-if,Silkeborg IF,DK1,,25,24.0,2,8.0,1,JYSK Park,10000,+€5.19m,null,2022,https://www.transfermarkt.co.uk/silkeborg-if/startseite/verein/1177
1210,as-livorno,null,IT1,,28,23.8,3,10.7,0,Armando Picchi,19238,+-0,null,2013,https://www.transfermarkt.co.uk/as-livorno/startseite/verein/1210
1283,fc-emmen,FC Emmen,NL1,,30,25.7,14,46.7,3,De Oude Meerdijk,8309,+-0,null,2022,https://www.transfermarkt.co.uk/fc-emmen/startseite/verein/1283
19771,akhisarspor,null,TR1,,14,20.9,0,,0,Spor Toto Akhisar Stadyumu,12139,+€5k,null,2018,https://www.transfermarkt.co.uk/akhisarspor/startseite/verein/19771
204,lierse-sk,null,BE1,,0,,0,,0,Herman Vanderpoortenstadion,14538,+-0,null,2014,https://www.transfermarkt.co.uk/lierse-sk/startseite/verein/204
2375,altay-sk,null,TR1,,31,25.2,3,9.7,0,Alsancak Mustafa Denizli Stadı,15000,+€1.42m,null,2021,https://www.transfermarkt.co.uk/altay-sk/startseite/verein/2375
2425,rio-ave-fc,Rio Ave FC,PO1,,24,27.3,12,50.0,0,Estádio dos Arcos,9065,+€600k,null,2022,https://www.transfermarkt.co.uk/rio-ave-fc/startseite/verein/2425
2759,ross-county-fc,Ross County FC,SC1,,26,25.9,17,65.4,2,Global Energy Stadium,6541,€-91k,null,2022,https://www.transfermarkt.co.uk/ross-county-fc/startseite/verein/2759
3719,fk-khimki,FK Khimki,RU1,,27,25.3,12,44.4,2,Arena Khimki,18636,€-892k,null,2022,https://www.transfermarkt.co.uk/fk-khimki/startseite/verein/3719
48332,kolos-kovalivka,Kolos Kovalivka,UKR1,,24,27.0,1,4.2,1,Kolos,5050,+€670k,null,2022,https://www.transfermarkt.co.uk/kolos-kovalivka/startseite/verein/48332
49364,ingulets-petrove,Ingulets Petrove,UKR1,,28,26.3,2,7.1,1,Stadion Ingulets,1720,+-0,null,2022,https://www.transfermarkt.co.uk/ingulets-petrove/startseite/verein/49364
511,dundee-fc,null,SC1,,27,25.1,12,44.4,0,Kilmac Stadium at Dens Park,11850,+-0,null,2021,https://www.transfermarkt.co.uk/dundee-fc/startseite/verein/511
520,cercle-brugge,Cercle Brugge,BE1,,23,23.9,14,60.9,4,Jan-Breydel-Stadion,29062,€-1.25m,null,2022,https://www.transfermarkt.co.uk/cercle-brugge/startseite/verein/520
610,ajax-amsterdam,Ajax Amsterdam,NL1,,26,24.2,11,42.3,15,Johan Cruijff ArenA,55600,+€103.52m,null,2022,https://www.transfermarkt.co.uk/ajax-amsterdam/startseite/verein/610
68608,cf-os-belenenses,null,PO1,,30,25.7,5,16.7,0,Estádio do Restelo,19980,+-0,null,2017,https://www.transfermarkt.co.uk/cf-os-belenenses/startseite/verein/68608
6993,fk-mariupol,null,UKR1,,0,,0,,0,Stadion im. Volodymyra Boyko,12680,+€100k,null,2021,https://www.transfermarkt.co.uk/fk-mariupol/startseite/verein/6993
6996,goverla-uzhgorod,null,UKR1,,0,,0,,0,Avangard,10640,+-0,null,2015,https://www.transfermarkt.co.uk/goverla-uzhgorod/startseite/verein/6996
826,rc-lens,RC Lens,FR1,,30,25.7,18,60.0,13,Stade Bollaert-Delelis,38223,+€13.24m,null,2022,https://www.transfermarkt.co.uk/rc-lens/startseite/verein/826
985,manchester-united,Manchester United,GB1,,32,26.0,20,62.5,18,Old Trafford,74879,€-230.03m,null,2022,https://www.transfermarkt.co.uk/manchester-united/startseite/verein/985
10,arminia-bielefeld,null,L1,,27,25.3,15,55.6,4,SchücoArena,26515,+€5.90m,null,2021,https://www.transfermarkt.co.uk/arminia-bielefeld/startseite/verein/10
1091,paok-thessaloniki,PAOK Thessaloniki,GR1,,32,26.6,22,68.8,7,Toumba Stadium,28703,€-170k,null,2022,https://www.transfermarkt.co.uk/paok-thessaloniki/startseite/verein/1091
11126,mordovia-saransk,null,RU1,,0,,0,,0,Mordovia Arena,44442,+-0,null,2015,https://www.transfermarkt.co.uk/mordovia-saransk/startseite/verein/11126
11688,giresunspor,Giresunspor,TR1,,26,25.4,10,38.5,4,Çotanak Spor Kompleksi,21500,+€284k,null,2022,https://www.transfermarkt.co.uk/giresunspor/startseite/verein/11688
13,atletico-madrid,Atlético de Madrid,ES1,,22,28.5,15,68.2,17,Civitas Metropolitano,68456,€-9.25m,null,2022,https://www.transfermarkt.co.uk/atletico-madrid/startseite/verein/13
1435,go-ahead-eagles-deventer,Go Ahead Eagles,NL1,,27,23.4,11,40.7,0,De Adelaarshorst,9909,+€750k,null,2022,https://www.transfermarkt.co.uk/go-ahead-eagles-deventer/startseite/verein/1435
14589,fk-orenburg,FK Orenburg,RU1,,25,25.8,13,52.0,4,Gazovik,10046,€-5.58m,null,2022,https://www.transfermarkt.co.uk/fk-orenburg/startseite/verein/14589
16,borussia-dortmund,Borussia Dortmund,L1,,33,24.6,16,48.5,16,SIGNAL IDUNA PARK,81365,€-25.10m,null,2022,https://www.transfermarkt.co.uk/borussia-dortmund/startseite/verein/16
206,brondby-if,Bröndby IF,DK1,,26,24.8,11,42.3,6,Brøndby Stadion,28000,€-10.31m,null,2022,https://www.transfermarkt.co.uk/brondby-if/startseite/verein/206
232,spartak-moskau,Spartak Moscow,RU1,,26,25.1,8,30.8,11,Otkrytie Bank Arena,44571,+€894k,null,2022,https://www.transfermarkt.co.uk/spartak-moskau/startseite/verein/232
276,hellas-verona,Hellas Verona,IT1,,29,26.3,18,62.1,6,Marcantonio Bentegodi,39211,€-5.68m,null,2022,https://www.transfermarkt.co.uk/hellas-verona/startseite/verein/276
281,manchester-city,Manchester City,GB1,,24,26.8,16,66.7,17,Etihad Stadium,55017,+€11.67m,null,2022,https://www.transfermarkt.co.uk/manchester-city/startseite/verein/281
29228,royal-excel-mouscron,null,BE1,,0,,0,,0,Le Canonnier,10830,+€40k,null,2020,https://www.transfermarkt.co.uk/royal-excel-mouscron/startseite/verein/29228
2944,ankaraspor,null,TR1,,30,23.7,1,3.3,0,Osmanlı Stadı,19626,+-0,null,2017,https://www.transfermarkt.co.uk/ankaraspor/startseite/verein/2944
2969,dijon-fco,null,FR1,,29,25.8,14,48.3,4,Stade Gaston-Gérard,16098,+€1.50m,null,2020,https://www.transfermarkt.co.uk/dijon-fco/startseite/verein/2969
2999,hamilton-academical-fc,null,SC1,,28,22.7,9,32.1,0,Fountain of Youth Stadium,6018,+-0,null,2020,https://www.transfermarkt.co.uk/hamilton-academical-fc/startseite/verein/2999
3302,ud-almeria,UD Almería,ES1,,26,26.2,13,50.0,3,Power Horse Stadium,15274,€-14.88m,null,2022,https://www.transfermarkt.co.uk/ud-almeria/startseite/verein/3302
368,fc-sevilla,Sevilla FC,ES1,,24,28.8,18,75.0,9,Ramón Sánchez-Pizjuán,43883,+€62.10m,null,2022,https://www.transfermarkt.co.uk/fc-sevilla/startseite/verein/368
3999,pas-lamia-1964,PAS Lamia 1964,GR1,,33,28.7,16,48.5,3,"Stadio Lamia ""Athanasios Diakos""",5500,+-0,null,2022,https://www.transfermarkt.co.uk/pas-lamia-1964/startseite/verein/3999
4128,amkar-perm,null,RU1,,26,25.8,0,,0,Zvezda,17000,+-0,null,2017,https://www.transfermarkt.co.uk/amkar-perm/startseite/verein/4128
430,ac-florenz,ACF Fiorentina,IT1,,26,26.5,14,53.8,9,Artemio Franchi,43147,+€11.10m,null,2022,https://www.transfermarkt.co.uk/ac-florenz/startseite/verein/430
506,juventus-turin,Juventus FC,IT1,,28,27.0,17,60.7,17,Allianz Stadium,41507,+€5.03m,null,2022,https://www.transfermarkt.co.uk/juventus-turin/startseite/verein/506
5219,aok-kerkyra,null,GR1,,7,29.0,1,14.3,0,Ethniko Stadio Kerkyras,3000,+-0,null,2017,https://www.transfermarkt.co.uk/aok-kerkyra/startseite/verein/5219
595,sc-bastia,null,FR1,,25,27.6,8,32.0,6,Stade Armand-Cesari,16480,+€480k,null,2016,https://www.transfermarkt.co.uk/sc-bastia/startseite/verein/595
618,as-saint-etienne,null,FR1,,27,25.5,7,25.9,3,Stade Geoffroy-Guichard,42000,+€12.85m,null,2021,https://www.transfermarkt.co.uk/as-saint-etienne/startseite/verein/618
65,spvgg-greuther-furth,null,L1,,28,23.9,11,39.3,2,Sportpark Ronhof | Thomas Sommer,16626,+€3.97m,null,2021,https://www.transfermarkt.co.uk/spvgg-greuther-furth/startseite/verein/65
903,hibernian-fc,Hibernian FC,SC1,,24,26.5,15,62.5,3,Easter Road Stadium,20250,+€4.23m,null,2022,https://www.transfermarkt.co.uk/hibernian-fc/startseite/verein/903
1071,wigan-athletic,null,GB1,,27,27.9,15,55.6,8,DW Stadium,25133,+-0,null,2012,https://www.transfermarkt.co.uk/wigan-athletic/startseite/verein/1071
1147,ac-ajaccio,AC Ajaccio,FR1,,30,28.4,15,50.0,9,Stade François-Coty,10446,+€300k,null,2022,https://www.transfermarkt.co.uk/ac-ajaccio/startseite/verein/1147
1301,cs-maritimo,CS Marítimo,PO1,,29,26.5,18,62.1,4,Estádio do Marítimo,10932,€-750k,null,2022,https://www.transfermarkt.co.uk/cs-maritimo/startseite/verein/1301
133,sc-cambuur-leeuwarden,SC Cambuur Leeuwarden,NL1,,30,25.7,12,40.0,5,Cambuurstadion,10250,€-550k,null,2022,https://www.transfermarkt.co.uk/sc-cambuur-leeuwarden/startseite/verein/133
1627,catania-calcio,null,IT1,,28,25.9,3,10.7,0,Cibali - Angelo Massimino,20204,+-0,null,2013,https://www.transfermarkt.co.uk/catania-calcio/startseite/verein/1627
173,odense-boldklub,null,DK1,,26,23.7,13,50.0,4,Nature Energy Park,15790,+€600k,null,2022,https://www.transfermarkt.co.uk/odense-boldklub/startseite/verein/173
190,fc-kopenhagen,FC Copenhagen,DK1,,28,25.3,17,60.7,11,Parken,38065,+€9.24m,null,2022,https://www.transfermarkt.co.uk/fc-kopenhagen/startseite/verein/190
21957,ao-platanias,null,GR1,,0,,0,,0,Dimotiko Gipedo Perivolia,3700,+-0,null,2017,https://www.transfermarkt.co.uk/ao-platanias/startseite/verein/21957
237,rcd-mallorca,RCD Mallorca,ES1,,24,27.9,13,54.2,9,Mallorca Son Moix,20500,€-8.32m,null,2022,https://www.transfermarkt.co.uk/rcd-mallorca/startseite/verein/237
2410,zska-moskau,CSKA Moscow,RU1,,26,25.1,8,30.8,7,VEB Arena,30114,€-4.72m,null,2022,https://www.transfermarkt.co.uk/zska-moskau/startseite/verein/2410
244,olympique-marseille,Olympique Marseille,FR1,,22,26.6,16,72.7,13,Orange Vélodrome,67394,€-77.93m,null,2022,https://www.transfermarkt.co.uk/olympique-marseille/startseite/verein/244
2995,fc-pacos-de-ferreira,FC Paços de Ferreira,PO1,,28,25.6,12,42.9,2,Estádio Capital do Móvel,9200,+€4.96m,null,2022,https://www.transfermarkt.co.uk/fc-pacos-de-ferreira/startseite/verein/2995
3268,casa-pia-ac,Casa Pia AC,PO1,,28,26.7,19,67.9,4,Estádio Nacional do Jamor,41000,+€190k,null,2022,https://www.transfermarkt.co.uk/casa-pia-ac/startseite/verein/3268
3368,ud-levante,null,ES1,,23,27.5,6,26.1,0,Ciutat de València,26354,+€7.80m,null,2021,https://www.transfermarkt.co.uk/ud-levante/startseite/verein/3368
339,dnipro-dnipropetrovsk,null,UKR1,,0,,0,,0,Meteor,24381,+-0,null,2016,https://www.transfermarkt.co.uk/dnipro-dnipropetrovsk/startseite/verein/339
3592,kryvbas-kryvyi-rig,Kryvbas Kryvyi Rig,UKR1,,27,26.0,4,14.8,1,Girnyk,2500,€-150k,null,2022,https://www.transfermarkt.co.uk/kryvbas-kryvyi-rig/startseite/verein/3592
366,real-valladolid,Real Valladolid CF,ES1,,24,28.0,10,41.7,6,Nuevo José Zorrilla,27618,€-5.00m,null,2022,https://www.transfermarkt.co.uk/real-valladolid/startseite/verein/366
3691,tom-tomsk,null,RU1,,0,,0,,0,Trud,10028,+-0,null,2016,https://www.transfermarkt.co.uk/tom-tomsk/startseite/verein/3691
533,tsg-1899-hoffenheim,TSG 1899 Hoffenheim,L1,,31,25.8,17,54.8,9,PreZero Arena,30150,+€40.40m,null,2022,https://www.transfermarkt.co.uk/tsg-1899-hoffenheim/startseite/verein/533
5818,hobro-ik,null,DK1,,22,24.8,4,18.2,2,DS Arena,7500,+-0,null,2019,https://www.transfermarkt.co.uk/hobro-ik/startseite/verein/5818
605,aris-thessaloniki,Aris Thessaloniki,GR1,,30,27.0,22,73.3,7,"Gipedo ""Kleanthis Vikelidis""",22800,+€4.80m,null,2022,https://www.transfermarkt.co.uk/aris-thessaloniki/startseite/verein/605
60949,volos-nps,Volos NPS,GR1,,26,26.4,16,61.5,2,Panthessaliko Stadio,22700,+€1.27m,null,2022,https://www.transfermarkt.co.uk/volos-nps/startseite/verein/60949
89,1-fc-union-berlin,1.FC Union Berlin,L1,,27,27.6,13,48.1,9,Stadion An der Alten Försterei,22012,+€6.02m,null,2022,https://www.transfermarkt.co.uk/1-fc-union-berlin/startseite/verein/89
8970,frosinone-calcio,null,IT1,,29,25.4,11,37.9,3,Benito Stirpe,16227,€-285k,null,2018,https://www.transfermarkt.co.uk/frosinone-calcio/startseite/verein/8970
995,fc-nantes,FC Nantes,FR1,,27,26.2,12,44.4,8,Stade de la Beaujoire,37463,€-12.45m,null,2022,https://www.transfermarkt.co.uk/fc-nantes/startseite/verein/995
1003,leicester-city,Leicester City,GB1,,27,27.0,19,70.4,17,King Power Stadium,32273,+€33.40m,null,2022,https://www.transfermarkt.co.uk/leicester-city/startseite/verein/1003
1010,fc-watford,null,GB1,,30,26.3,24,80.0,12,Vicarage Road,21577,+€42.02m,null,2021,https://www.transfermarkt.co.uk/fc-watford/startseite/verein/1010
11,fc-arsenal,Arsenal FC,GB1,,23,25.2,16,69.6,17,Emirates Stadium,60704,€-168.56m,null,2022,https://www.transfermarkt.co.uk/fc-arsenal/startseite/verein/11
1108,deportivo-alaves,null,ES1,,24,26.1,10,41.7,3,Mendizorroza,19840,+€625k,null,2021,https://www.transfermarkt.co.uk/deportivo-alaves/startseite/verein/1108
1132,fc-burnley,null,GB1,,26,25.1,18,69.2,12,Turf Moor,21994,+€38.26m,null,2021,https://www.transfermarkt.co.uk/fc-burnley/startseite/verein/1132
1411,raec-mons,null,BE1,,0,,0,,0,Charles Tondreau Stadion,12662,+-0,null,2013,https://www.transfermarkt.co.uk/raec-mons/startseite/verein/1411
1416,amiens-sc,null,FR1,,24,24.1,10,41.7,7,Stade Crédit Agricole la Licorne,12999,+€700k,null,2019,https://www.transfermarkt.co.uk/amiens-sc/startseite/verein/1416
1420,sco-angers,Angers SCO,FR1,,31,25.0,15,48.4,6,Stade Raymond Kopa,19350,+€31.00m,null,2022,https://www.transfermarkt.co.uk/sco-angers/startseite/verein/1420
150,real-betis-sevilla,Real Betis Balompié,ES1,,26,29.0,13,50.0,10,Benito Villamarín,59378,€-10.25m,null,2022,https://www.transfermarkt.co.uk/real-betis-sevilla/startseite/verein/150
167,fc-augsburg,FC Augsburg,L1,,32,25.3,19,59.4,6,WWK ARENA,30660,€-4.65m,null,2022,https://www.transfermarkt.co.uk/fc-augsburg/startseite/verein/167
265,panathinaikos-athen,Panathinaikos Athens,GR1,,30,27.0,21,70.0,10,Apostolos Nikolaidis,15000,€-3.67m,null,2022,https://www.transfermarkt.co.uk/panathinaikos-athen/startseite/verein/265
2672,apo-levadiakos,APO Levadiakos,GR1,,31,27.8,19,61.3,0,Stadio Livadias,5915,+-0,null,2022,https://www.transfermarkt.co.uk/apo-levadiakos/startseite/verein/2672
2696,krylya-sovetov-samara,Krylya Sovetov Samara,RU1,,25,25.0,6,24.0,4,Solidarnost Samara Arena,42347,+€2.53m,null,2022,https://www.transfermarkt.co.uk/krylya-sovetov-samara/startseite/verein/2696
2740,vorskla-poltava,null,UKR1,,30,25.0,9,30.0,2,Vorskla im. Oleksiy Butovskyi,23842,+€1.63m,null,2022,https://www.transfermarkt.co.uk/vorskla-poltava/startseite/verein/2740
2832,gaziantep-fk,Gaziantep FK,TR1,,7,24.1,4,57.1,0,Kalyon Stadyumu,33502,+€192k,null,2022,https://www.transfermarkt.co.uk/gaziantep-fk/startseite/verein/2832
2921,delfino-pescara-1936,null,IT1,,28,24.6,6,21.4,1,Adriatico,20476,+€4.60m,null,2016,https://www.transfermarkt.co.uk/delfino-pescara-1936/startseite/verein/2921
2990,academica-coimbra,null,PO1,,26,25.2,6,23.1,0,Estádio Cidade de Coimbra,29744,+€150k,null,2015,https://www.transfermarkt.co.uk/academica-coimbra/startseite/verein/2990
306,sc-heerenveen,SC Heerenveen,NL1,,26,24.6,12,46.2,2,Abe Lenstra Stadion,27224,+€4.95m,null,2022,https://www.transfermarkt.co.uk/sc-heerenveen/startseite/verein/306
3426,esbjerg-fb,null,DK1,,27,22.7,10,37.0,2,Blue Water Arena,16942,+-0,null,2019,https://www.transfermarkt.co.uk/esbjerg-fb/startseite/verein/3426
369,lyngby-bk,Lyngby BK,DK1,,30,24.1,7,23.3,2,Lyngby Stadion,10000,+€1.68m,null,2022,https://www.transfermarkt.co.uk/lyngby-bk/startseite/verein/369
370,aberdeen-fc,Aberdeen FC,SC1,,24,25.2,19,79.2,5,Pittodrie Stadium,22199,+€6.69m,null,2022,https://www.transfermarkt.co.uk/aberdeen-fc/startseite/verein/370
3725,akhmat-grozny,Akhmat Grozny,RU1,,30,26.0,10,33.3,2,Akhmat-Arena,30200,€-4.40m,null,2022,https://www.transfermarkt.co.uk/akhmat-grozny/startseite/verein/3725
42,hannover-96,null,L1,,28,25.0,6,21.4,1,Heinz-von-Heiden-Arena,49000,€-300k,null,2018,https://www.transfermarkt.co.uk/hannover-96/startseite/verein/42
44,hertha-bsc,Hertha BSC,L1,,29,26.1,16,55.2,8,Olympiastadion Berlin,74667,+€16.20m,null,2022,https://www.transfermarkt.co.uk/hertha-bsc/startseite/verein/44
499,vitesse-arnheim,Vitesse Arnhem,NL1,,28,23.7,13,46.4,4,GelreDome,21248,€-1.20m,null,2022,https://www.transfermarkt.co.uk/vitesse-arnheim/startseite/verein/499
5,ac-mailand,AC Milan,IT1,,30,27.0,24,80.0,19,Giuseppe Meazza,75923,€-37.42m,null,2022,https://www.transfermarkt.co.uk/ac-mailand/startseite/verein/5
512,stoke-city,null,GB1,,24,26.7,9,37.5,6,bet365 Stadium,30089,+€17.00m,null,2017,https://www.transfermarkt.co.uk/stoke-city/startseite/verein/512
5724,randers-fc,Randers FC,DK1,,23,26.0,12,52.2,2,Cepheus Park Randers,10300,+€1.39m,null,2022,https://www.transfermarkt.co.uk/randers-fc/startseite/verein/5724
621,athletic-bilbao,Athletic Bilbao,ES1,,25,27.8,1,4.0,4,San Mamés,53289,+-0,null,2022,https://www.transfermarkt.co.uk/athletic-bilbao/startseite/verein/621
6676,asteras-tripolis,Asteras Tripolis,GR1,,32,27.3,24,75.0,0,Gipedo Theodoros Kolokotronis,7423,+-0,null,2022,https://www.transfermarkt.co.uk/asteras-tripolis/startseite/verein/6676
681,real-sociedad-san-sebastian,Real Sociedad,ES1,,26,25.7,5,19.2,6,Reale Arena,39313,+€27.50m,null,2022,https://www.transfermarkt.co.uk/real-sociedad-san-sebastian/startseite/verein/681
6992,chornomorets-odessa,Chornomorets Odessa,UKR1,,25,27.6,4,16.0,0,Stadion Chornomorets (2011),34164,+-0,null,2022,https://www.transfermarkt.co.uk/chornomorets-odessa/startseite/verein/6992
714,espanyol-barcelona,RCD Espanyol Barcelona,ES1,,27,26.0,7,25.9,5,RCDE Stadium,40500,€-5.80m,null,2022,https://www.transfermarkt.co.uk/espanyol-barcelona/startseite/verein/714
724,fc-volendam,FC Volendam,NL1,,32,22.6,13,40.6,0,Kras Stadion,7384,+-0,null,2022,https://www.transfermarkt.co.uk/fc-volendam/startseite/verein/724
800,atalanta-bergamo,Atalanta BC,IT1,,25,26.6,17,68.0,13,Gewiss Stadium,21747,+€6.35m,null,2022,https://www.transfermarkt.co.uk/atalanta-bergamo/startseite/verein/800
820,genclerbirligi-ankara,null,TR1,,34,26.0,10,29.4,1,Eryaman Stadyumu,20560,+€195k,null,2020,https://www.transfermarkt.co.uk/genclerbirligi-ankara/startseite/verein/820
932,lokomotiv-moskau,Lokomotiv Moscow,RU1,,29,24.1,7,24.1,9,RZD Arena,27084,€-4.80m,null,2022,https://www.transfermarkt.co.uk/lokomotiv-moskau/startseite/verein/932
984,west-bromwich-albion,null,GB1,,25,27.7,8,32.0,4,The Hawthorns,26850,€-1.35m,null,2020,https://www.transfermarkt.co.uk/west-bromwich-albion/startseite/verein/984
105,sv-darmstadt-98,null,L1,,27,25.6,11,40.7,1,Merck-Stadion am Böllenfalltor,17500,€-3.05m,null,2016,https://www.transfermarkt.co.uk/sv-darmstadt-98/startseite/verein/105
20100,fc-vestsjaelland,null,DK1,,0,,0,,0,Harboe Arena,10000,+-0,null,2014,https://www.transfermarkt.co.uk/fc-vestsjaelland/startseite/verein/20100
2288,swansea-city,null,GB1,,22,24.8,17,77.3,4,Swansea.com Stadium,21088,+€8.35m,null,2017,https://www.transfermarkt.co.uk/swansea-city/startseite/verein/2288
2448,sporting-gijon,null,ES1,,28,26.1,10,35.7,2,El Molinón - Enrique Castro Quini,29029,+€5.23m,null,2016,https://www.transfermarkt.co.uk/sporting-gijon/startseite/verein/2448
2477,karpaty-lviv,null,UKR1,,0,,0,,0,Stadion Ukraina,28051,+-0,null,2019,https://www.transfermarkt.co.uk/karpaty-lviv/startseite/verein/2477
29,fc-everton,Everton FC,GB1,,25,27.4,11,44.0,8,Goodison Park,39571,+€25.40m,null,2022,https://www.transfermarkt.co.uk/fc-everton/startseite/verein/29
290,aj-auxerre,AJ Auxerre,FR1,,33,25.7,21,63.6,10,Stade de l'Abbé-Deschamps,18541,€-1.25m,null,2022,https://www.transfermarkt.co.uk/aj-auxerre/startseite/verein/290
3057,standard-luttich,Standard Liège,BE1,,25,24.2,13,52.0,5,Maurice Dufrasne Stadion,27670,+€1.61m,null,2022,https://www.transfermarkt.co.uk/standard-luttich/startseite/verein/3057
3349,cd-feirense,null,PO1,,24,25.0,11,45.8,2,Estádio Marcolino de Castro,5401,+€325k,null,2018,https://www.transfermarkt.co.uk/cd-feirense/startseite/verein/3349
3729,arsenal-tula,null,RU1,,27,27.3,2,7.4,1,Arsenal,19241,+€1.80m,null,2021,https://www.transfermarkt.co.uk/arsenal-tula/startseite/verein/3729
4294,sc-farense,null,PO1,,28,27.6,15,53.6,1,Estádio São Luís,15000,+-0,null,2020,https://www.transfermarkt.co.uk/sc-farense/startseite/verein/4294
4795,fc-ingolstadt-04,null,L1,,28,24.3,8,28.6,1,Audi Sportpark,15800,+€1.55m,null,2016,https://www.transfermarkt.co.uk/fc-ingolstadt-04/startseite/verein/4795
524,gaziantepspor,null,TR1,,0,,0,,0,Gaziantep Stadyumu,33502,+-0,null,2016,https://www.transfermarkt.co.uk/gaziantepspor/startseite/verein/524
61825,fk-minaj,FK Minaj,UKR1,,25,26.0,1,4.0,0,Stadion Minaj,2000,+€100k,null,2022,https://www.transfermarkt.co.uk/fk-minaj/startseite/verein/61825
6894,kayseri-erciyesspor,null,TR1,,0,,0,,0,Kayseri Atatürk Spor Kompleksi Yan Açık Saha,2000,+-0,null,2014,https://www.transfermarkt.co.uk/kayseri-erciyesspor/startseite/verein/6894
1095,es-troyes-ac,ESTAC Troyes,FR1,,27,25.4,13,48.1,4,Stade de l'Aube,21877,€-14.80m,null,2022,https://www.transfermarkt.co.uk/es-troyes-ac/startseite/verein/1095
11282,alanyaspor,Alanyaspor,TR1,,30,25.9,14,46.7,4,Kırbıyık Holding Stadyumu,10128,+-0,null,2022,https://www.transfermarkt.co.uk/alanyaspor/startseite/verein/11282
114,besiktas-istanbul,Besiktas JK,TR1,,29,27.7,15,51.7,14,Vodafone Park,42590,€-15.15m,null,2022,https://www.transfermarkt.co.uk/besiktas-istanbul/startseite/verein/114
1244,cd-leganes,null,ES1,,23,28.5,8,34.8,3,Butarque,12454,+€1.00m,null,2019,https://www.transfermarkt.co.uk/cd-leganes/startseite/verein/1244
1268,ado-den-haag,null,NL1,,34,23.5,7,20.6,3,Bingoal Stadion,15000,+-0,null,2020,https://www.transfermarkt.co.uk/ado-den-haag/startseite/verein/1268
20698,balikesirspor,null,TR1,,22,22.0,1,4.5,0,Balıkesir Atatürk,15800,+-0,null,2014,https://www.transfermarkt.co.uk/balikesirspor/startseite/verein/20698
2420,vitoria-guimaraes-sc,Vitória Guimarães SC,PO1,,29,24.1,12,41.4,4,Estádio D. Afonso Henriques,29865,+€13.49m,null,2022,https://www.transfermarkt.co.uk/vitoria-guimaraes-sc/startseite/verein/2420
294,benfica-lissabon,SL Benfica,PO1,,24,25.0,14,58.3,10,Estádio da Luz,65000,+€148.17m,null,2022,https://www.transfermarkt.co.uk/benfica-lissabon/startseite/verein/294
331,ca-osasuna,CA Osasuna,ES1,,22,27.8,4,18.2,3,El Sadar,23576,€-2.00m,null,2022,https://www.transfermarkt.co.uk/ca-osasuna/startseite/verein/331
3327,fc-penafiel,null,PO1,,28,27.9,4,14.3,0,Estádio Municipal 25 de Abril,5230,+-0,null,2014,https://www.transfermarkt.co.uk/fc-penafiel/startseite/verein/3327
3522,spezia-calcio,Spezia Calcio,IT1,,29,25.8,22,75.9,10,Alberto Picco,11676,+€23.32m,null,2022,https://www.transfermarkt.co.uk/spezia-calcio/startseite/verein/3522
354,kv-mechelen,KV Mechelen,BE1,,30,24.3,10,33.3,3,AFAS Stadion,16672,+€4.25m,null,2022,https://www.transfermarkt.co.uk/kv-mechelen/startseite/verein/354
399,leeds-united,Leeds United,GB1,,24,25.6,19,79.2,8,Elland Road,37890,€-31.09m,null,2022,https://www.transfermarkt.co.uk/leeds-united/startseite/verein/399
40,fc-girondins-bordeaux,null,FR1,,26,22.7,13,50.0,6,Matmut Atlantique,42115,+€12.70m,null,2021,https://www.transfermarkt.co.uk/fc-girondins-bordeaux/startseite/verein/40
410,udinese-calcio,Udinese Calcio,IT1,,27,25.4,22,81.5,9,Dacia Arena,25144,+€9.30m,null,2022,https://www.transfermarkt.co.uk/udinese-calcio/startseite/verein/410
41201,pfk-tambov,null,RU1,,0,,0,,0,Mordovia Arena,44149,+-0,null,2020,https://www.transfermarkt.co.uk/pfk-tambov/startseite/verein/41201
583,fc-paris-saint-germain,Paris Saint-Germain,FR1,,26,25.3,16,61.5,13,Parc des Princes,49691,€-88.20m,null,2022,https://www.transfermarkt.co.uk/fc-paris-saint-germain/startseite/verein/583
601,kv-kortrijk,KV Kortrijk,BE1,,28,25.1,20,71.4,5,Guldensporenstadion,9399,€-459k,null,2022,https://www.transfermarkt.co.uk/kv-kortrijk/startseite/verein/601
6414,metalist-kharkiv,null,UKR1,,0,,0,,0,OSK Metalist,38685,+-0,null,2015,https://www.transfermarkt.co.uk/metalist-kharkiv/startseite/verein/6414
642,de-graafschap-doetinchem,null,NL1,,30,23.7,6,20.0,0,"Stadion ""De Vijverberg""",12600,+-0,null,2018,https://www.transfermarkt.co.uk/de-graafschap-doetinchem/startseite/verein/642
6994,metalurg-zaporizhya-bis-2016-,null,UKR1,,0,,0,,0,Slavutych Arena,11883,+-0,null,2015,https://www.transfermarkt.co.uk/metalurg-zaporizhya-bis-2016-/startseite/verein/6994
7185,panthrakikos-komotini,null,GR1,,29,24.2,3,10.3,0,Stadio Komotinis OPAP,5601,+-0,null,2015,https://www.transfermarkt.co.uk/panthrakikos-komotini/startseite/verein/7185
798,sbv-excelsior-rotterdam,Excelsior Rotterdam,NL1,,28,23.6,10,35.7,1,Van Donge & De Roo Stadion - Woudestein,4400,+€2.63m,null,2022,https://www.transfermarkt.co.uk/sbv-excelsior-rotterdam/startseite/verein/798
924,istanbulspor,Istanbulspor,TR1,,34,24.8,17,50.0,5,Esenyurt Necmi Kadıoğlu Stadyumu,7500,+€2.00m,null,2022,https://www.transfermarkt.co.uk/istanbulspor/startseite/verein/924
1038,sampdoria-genua,UC Sampdoria,IT1,,29,26.5,17,58.6,6,Luigi Ferraris,36348,+€28.60m,null,2022,https://www.transfermarkt.co.uk/sampdoria-genua/startseite/verein/1038
1053,aalborg-bk,Aalborg BK,DK1,,26,24.6,9,34.6,0,Aalborg Portland Park,13800,+€2.84m,null,2022,https://www.transfermarkt.co.uk/aalborg-bk/startseite/verein/1053
1075,sc-braga,SC Braga,PO1,,25,25.9,14,56.0,3,Estádio Municipal de Braga,30286,+€48.73m,null,2022,https://www.transfermarkt.co.uk/sc-braga/startseite/verein/1075
12321,fc-girona,Girona FC,ES1,,25,26.6,11,44.0,4,Montilivi,13286,€-15.00m,null,2022,https://www.transfermarkt.co.uk/fc-girona/startseite/verein/12321
1241,livingston-fc,Livingston FC,SC1,,22,27.2,11,50.0,0,Tony Macaroni Arena,9512,+-0,null,2022,https://www.transfermarkt.co.uk/livingston-fc/startseite/verein/1241
1390,cagliari-calcio,null,IT1,,28,25.9,12,42.9,4,Unipol Domus,16416,+€29.28m,null,2021,https://www.transfermarkt.co.uk/cagliari-calcio/startseite/verein/1390
15,bayer-04-leverkusen,Bayer 04 Leverkusen,L1,,27,24.9,19,70.4,13,BayArena,30210,€-5.60m,null,2022,https://www.transfermarkt.co.uk/bayer-04-leverkusen/startseite/verein/15
1519,dundee-united-fc,Dundee United FC,SC1,,23,26.1,11,47.8,5,Tannadice Park,14223,€-355k,null,2022,https://www.transfermarkt.co.uk/dundee-united-fc/startseite/verein/1519
1531,fc-elche,Elche CF,ES1,,26,27.7,10,38.5,2,Manuel Martínez Valero,31388,€-7.66m,null,2022,https://www.transfermarkt.co.uk/fc-elche/startseite/verein/1531
1533,sd-eibar,null,ES1,,26,28.1,5,19.2,0,Ipurua,8164,+€2.60m,null,2020,https://www.transfermarkt.co.uk/sd-eibar/startseite/verein/1533
16795,fc-granada,null,ES1,,28,28.0,8,28.6,3,Nuevo Los Cármenes,19336,+€27.46m,null,2021,https://www.transfermarkt.co.uk/fc-granada/startseite/verein/16795
19,brescia-calcio,null,IT1,,28,25.1,12,42.9,1,Mario Rigamonti,19550,+€3.65m,null,2019,https://www.transfermarkt.co.uk/brescia-calcio/startseite/verein/19
202,fc-groningen,FC Groningen,NL1,,29,22.8,14,48.3,5,Euroborg,22555,+€15.97m,null,2022,https://www.transfermarkt.co.uk/fc-groningen/startseite/verein/202
2323,orduspor,null,TR1,,2,21.0,0,,0,19 Eylül Stadyum,11024,+-0,null,2012,https://www.transfermarkt.co.uk/orduspor/startseite/verein/2323
3325,gd-chaves,GD Chaves,PO1,,27,26.3,17,63.0,3,Estádio Municipal Eng.º Manuel Branco Teixeira,9000,+€4.50m,null,2022,https://www.transfermarkt.co.uk/gd-chaves/startseite/verein/3325
3609,rotor-volgograd,null,RU1,,27,23.9,2,7.4,0,Volgograd Arena,45568,€-13k,null,2020,https://www.transfermarkt.co.uk/rotor-volgograd/startseite/verein/3609
38,fortuna-dusseldorf,null,L1,,30,25.7,12,40.0,2,MERKUR SPIEL-ARENA,54600,+€600k,null,2019,https://www.transfermarkt.co.uk/fortuna-dusseldorf/startseite/verein/38
4,1-fc-nurnberg,null,L1,,33,25.2,7,21.2,2,Max-Morlock-Stadion,50000,+€2.63m,null,2018,https://www.transfermarkt.co.uk/1-fc-nurnberg/startseite/verein/4
403,willem-ii-tilburg,null,NL1,,27,25.9,7,25.9,0,Koning Willem II Stadion,14700,+€385k,null,2021,https://www.transfermarkt.co.uk/willem-ii-tilburg/startseite/verein/403
4102,carpi-fc-1909,null,IT1,,25,23.6,6,24.0,1,Sandro Cabassi,5510,+-0,null,2015,https://www.transfermarkt.co.uk/carpi-fc-1909/startseite/verein/4102
415,fc-toulouse,FC Toulouse,FR1,,26,24.3,23,88.5,6,Stadium Municipal,33150,€-3.00m,null,2022,https://www.transfermarkt.co.uk/fc-toulouse/startseite/verein/415
449,trabzonspor,Trabzonspor,TR1,,30,25.6,13,43.3,12,Şenol Güneş Spor Kompleksi,40782,+€1.81m,null,2022,https://www.transfermarkt.co.uk/trabzonspor/startseite/verein/449
6418,panetolikos-gfs,Panetolikos GFS,GR1,,31,25.7,13,41.9,5,Gipedo Panetolikou,7321,+€100k,null,2022,https://www.transfermarkt.co.uk/panetolikos-gfs/startseite/verein/6418
79,vfb-stuttgart,VfB Stuttgart,L1,,29,23.7,16,55.2,8,Mercedes-Benz Arena,60449,+€37.81m,null,2022,https://www.transfermarkt.co.uk/vfb-stuttgart/startseite/verein/79
83678,metal-kharkiv,Metalist Kharkiv,UKR1,,26,25.3,4,15.4,0,Avangard,10640,€-820k,null,2022,https://www.transfermarkt.co.uk/metal-kharkiv/startseite/verein/83678
964,zenit-st-petersburg,Zenit St. Petersburg,RU1,,23,26.5,10,43.5,9,Gazprom Arena,63026,€-7.17m,null,2022,https://www.transfermarkt.co.uk/zenit-st-petersburg/startseite/verein/964
979,moreirense-fc,null,PO1,,25,26.6,16,64.0,1,E. C. J. de Almeida Freitas,6153,+€1.00m,null,2021,https://www.transfermarkt.co.uk/moreirense-fc/startseite/verein/979
1063,viborg-ff,Viborg FF,DK1,,24,23.5,13,54.2,4,Viborg Stadion,9566,+€3.22m,null,2022,https://www.transfermarkt.co.uk/viborg-ff/startseite/verein/1063
121,dinamo-moskau,Dynamo Moscow,RU1,,23,25.0,9,39.1,10,VTB-Arena,25716,€-6.38m,null,2022,https://www.transfermarkt.co.uk/dinamo-moskau/startseite/verein/121
18303,fk-oleksandriya,null,UKR1,,27,24.4,2,7.4,3,KSK Nika,7000,+-0,null,2022,https://www.transfermarkt.co.uk/fk-oleksandriya/startseite/verein/18303
19789,yeni-malatyaspor,null,TR1,,11,22.7,2,18.2,1,Yeni Malatya Stadyumu,25745,+€778k,null,2021,https://www.transfermarkt.co.uk/yeni-malatyaspor/startseite/verein/19789
2292,elazigspor,null,TR1,,32,25.0,0,,0,Elazığ Doğukent Stadı,2500,+€17k,null,2013,https://www.transfermarkt.co.uk/elazigspor/startseite/verein/2292
2760,partick-thistle-fc,null,SC1,,19,27.9,1,5.3,0,The Energy Check Stadium at Firhill,10102,+-0,null,2017,https://www.transfermarkt.co.uk/partick-thistle-fc/startseite/verein/2760
367,rayo-vallecano,Rayo Vallecano,ES1,,25,28.7,8,32.0,6,Campo de Fútbol de Vallecas,15105,€-11.10m,null,2022,https://www.transfermarkt.co.uk/rayo-vallecano/startseite/verein/367
3709,fc-getafe,Getafe CF,ES1,,25,27.8,12,48.0,9,Coliseum Alfonso Pérez,16800,+€4.75m,null,2022,https://www.transfermarkt.co.uk/fc-getafe/startseite/verein/3709
380,us-salernitana-1919,US Salernitana 1919,IT1,,27,26.8,17,63.0,12,Arechi,29739,€-23.10m,null,2022,https://www.transfermarkt.co.uk/us-salernitana-1919/startseite/verein/380
41,hamburger-sv,null,L1,,30,23.6,15,50.0,4,Volksparkstadion,57000,€-6.00m,null,2017,https://www.transfermarkt.co.uk/hamburger-sv/startseite/verein/41
43,heart-of-midlothian-fc,Heart of Midlothian FC,SC1,,29,26.5,16,55.2,9,Tynecastle Park,19852,€-870k,null,2022,https://www.transfermarkt.co.uk/heart-of-midlothian-fc/startseite/verein/43
465,st-mirren-fc,St. Mirren FC,SC1,,23,26.7,14,60.9,6,The SMISA Stadium,8023,+€339k,null,2022,https://www.transfermarkt.co.uk/st-mirren-fc/startseite/verein/465
468,sparta-rotterdam,Sparta Rotterdam,NL1,,24,26.1,9,37.5,1,"Sparta-stadion ""Het Kasteel""",11026,+€2.19m,null,2022,https://www.transfermarkt.co.uk/sparta-rotterdam/startseite/verein/468
472,ud-las-palmas,null,ES1,,26,26.8,6,23.1,1,Estadio de Gran Canaria,32400,€-500k,null,2017,https://www.transfermarkt.co.uk/ud-las-palmas/startseite/verein/472
660,shakhtar-donetsk,Shakhtar Donetsk,UKR1,,31,24.7,6,19.4,14,Arena Lviv,34915,+€102.90m,null,2022,https://www.transfermarkt.co.uk/shakhtar-donetsk/startseite/verein/660
749,fc-empoli,FC Empoli,IT1,,30,25.2,14,46.7,9,Carlo Castellani,19847,+€16.51m,null,2022,https://www.transfermarkt.co.uk/fc-empoli/startseite/verein/749
750,fc-sochaux-montbeliard,null,FR1,,25,26.2,11,44.0,4,Stade Auguste-Bonal,20005,+€4.00m,null,2013,https://www.transfermarkt.co.uk/fc-sochaux-montbeliard/startseite/verein/750
82,vfl-wolfsburg,VfL Wolfsburg,L1,,25,24.6,15,60.0,10,Volkswagen Arena,30000,€-12.05m,null,2022,https://www.transfermarkt.co.uk/vfl-wolfsburg/startseite/verein/82
940,celta-vigo,Celta de Vigo,ES1,,23,26.3,10,43.5,6,Abanca Balaídos,29000,€-5.15m,null,2022,https://www.transfermarkt.co.uk/celta-vigo/startseite/verein/940
976,cf-uniao-madeira,null,PO1,,0,,0,,0,Centro Desportivo da Madeira,2500,+-0,null,2015,https://www.transfermarkt.co.uk/cf-uniao-madeira/startseite/verein/976
987,motherwell-fc,Motherwell FC,SC1,,29,25.9,19,65.5,4,Fir Park,13750,+€225k,null,2022,https://www.transfermarkt.co.uk/motherwell-fc/startseite/verein/987
